"Instrument","Qty.","Avg. cost","LTP","Invested","Cur. val","P&L","Net chg.","Day chg.",""
"0SCL27-YW",20,1000,1208.23,20000,24164.6,4164.6,20.82,0,""
"925MFCL26",20,1000,1076.8,20000,21536,1536,7.68,0,""
"AARTIIND",10,452,468.35,4520,4683.5,163.5,3.62,-0.04,""
"ABSLAMC",20,893.09,1033.8,17861.7,20676,2814.3,15.76,-2.02,""
"ADANIPORTS",0,552,1736.05,0,0,0,214.5,2.79,""
"ADANIPOWER",60,112.51,213.87,6750.6,12832.2,6081.6,90.09,2.02,""
"AIIL",7,481.75,478.5,3372.25,3349.5,-22.75,-0.67,0.03,""
"AJANTPHARM",38,2588.88,3123.2,98377.3,118681.6,20304.3,20.64,1.02,""
"AMBUJACEM",18,458.5,438.4,8253,7891.2,-361.8,-4.38,2.68,""
"ANGELONE",8,263.04,298.05,2104.34,2384.4,280.06,13.31,-0.57,""
"APOLLOHOSP",1,6883.6,8004.5,6883.6,8004.5,1120.9,16.28,-0.22,""
"APTUS",20,321.6,269.4,6431.9,5388,-1043.9,-16.23,-1.73,""
"ASHIANA",20,213,365.95,4260,7319,3059,71.81,4.6,""
"ASHOKLEY",20,117.93,153.3,2358.5,3066,707.5,30,-1.83,""
"AUTOAXLES",6,2054,1695.8,12324,10174.8,-2149.2,-17.44,-1.67,""
"AXISBANK",7,712.5,1255.75,4987.5,8790.25,3802.75,76.25,-0.4,""
"BALAMINES",1,3056.6,1362.5,3056.6,1362.5,-1694.1,-55.42,1.68,""
"BHARTIARTL",32,1797.41,1789.2,57517.1,57254.4,-262.7,-0.46,1.84,""
"CAMS",10,455.6,784.95,4556,7849.5,3293.5,72.29,0.04,""
"CANBK",500,2,129.25,1000,64625,63625,6362.5,-0.62,""
"CASTROLIND",11,181.1,181.5,1992.07,1996.5,4.43,0.22,0.11,""
"CCL",6,1056.3,1123.1,6337.8,6738.6,400.8,6.32,2.58,""
"CHOLAHLDNG",3,1750.9,1702.5,5252.7,5107.5,-145.2,-2.76,-0.76,""
"COALINDIA",7,430.31,462.25,3012.15,3235.75,223.6,7.42,-0.17,""
"COLPAL",3,2057,2130,6171,6390,219,3.55,0.11,""
"DYCL",10,488,334.2,4880,3342,-1538,-31.52,1.67,""
"ENGINERSIN",50,200,241.9,10000,12095,2095,20.95,2.09,""
"ERIS",63,1427.97,1330.6,89961.95,83827.8,-6134.15,-6.82,-1.99,""
"FORTIS",5,567.64,957.5,2838.2,4787.5,1949.3,68.68,0.67,""
"GABRIEL",15,246.17,1100,3692.55,16500,12807.45,346.85,0.12,""
"GMDCLTD",4,572.5,663.1,2290,2652.4,362.4,15.83,3.11,""
"GOLDCASE",1346,21.39,25.05,28787.58,33717.3,4929.72,17.12,5.56,""
"GPIL",30,148.2,290,4446,8700,4254,95.68,2.73,""
"GRINFRA",10,837,943.5,8370,9435,1065,12.72,0.78,""
"GRSE",2,2473.4,2853.4,4946.8,5706.8,760,15.36,2.22,""
"HAL",4,1305,4618.5,5220,18474,13254,253.91,1.01,""
"HDFCBANK",60,953.96,749.6,57237.46,44976,-12261.46,-21.42,-0.19,""
"HGINFRA",15,468.33,621.55,7025,9323.25,2298.25,32.72,-2.85,""
"HINDUNILVR",4,2335.45,2267.75,9341.8,9071,-270.8,-2.9,0.05,""
"HUDCO",105,206.87,219.45,21721.74,23042.25,1320.51,6.08,0.23,""
"ICEMAKE",3,803.53,764.75,2410.6,2294.25,-116.35,-4.83,-0.31,""
"ICICIBANK",39,1200.99,1235.6,46838.7,48188.4,1349.7,2.88,-0.38,""
"INDIGO",2,5750,4256.4,11500,8512.8,-2987.2,-25.98,1.2,""
"INDUSINDBK",4,1010,892.5,4040,3570,-470,-11.63,-0.04,""
"INFY",0,1599.3,1123.25,0,0,0,-29.77,-1.51,""
"IOLCP",50,111.81,106.22,5590.5,5311,-279.5,-5,0.48,""
"IONEXCHANG",25,423.65,395.2,10591.25,9880,-711.25,-6.72,0.53,""
"IPCALAB",56,1571.3,1507.15,87992.9,84400.4,-3592.5,-4.08,-0.32,""
"JBCHEPHARM",3,2149,2094.3,6447,6282.9,-164.1,-2.55,-1.92,""
"JIOFIN",54,233.21,231.6,12593.32,12506.4,-86.92,-0.69,0.41,""
"JSWSTEEL",4,669.5,1275.45,2678,5101.8,2423.8,90.51,1.82,""
"JUNIORBEES",33,747.71,745.86,24674.53,24613.38,-61.15,-0.25,0.73,""
"KFINTECH",4,920.75,833.85,3683,3335.4,-347.6,-9.44,-2.78,""
"KOTAKBANK",10,334,378,3340,3780,440,13.17,0.51,""
"KPITTECH",3,894.78,710.65,2684.35,2131.95,-552.4,-20.58,-0.2,""
"KSB",107,820.46,852.3,87788.85,91196.1,3407.25,3.88,-0.2,""
"KWIL",4,44.61,27.71,178.43,110.84,-67.59,-37.88,-1.14,""
"LAURUSLABS",10,668.75,1280.4,6687.5,12804,6116.5,91.46,0.85,""
"LT",27,3342.09,3916.7,90236.55,105750.9,15514.35,17.19,1.56,""
"M&MFIN",15,313.95,320.25,4709.25,4803.75,94.5,2.01,-2.09,""
"MARICO",121,711.58,835,86101.15,101035,14933.85,17.34,0.54,""
"MFCL30424",20,1000,1195.08,20000,23901.6,3901.6,19.51,0,""
"MINDSPACE-RR",194,414.18,461.59,80351.67,89548.46,9196.79,11.45,0.44,""
"NATCOPHARM",3,957.28,1171.9,2871.85,3515.7,643.85,22.42,-0.85,""
"NATIONALUM",35,185.5,408.25,6492.5,14288.75,7796.25,120.08,3.6,""
"NESTLEIND",3,1183.83,1473.75,3551.5,4421.25,869.75,24.49,0.35,""
"NIFTYBEES",406,278.56,265.44,113097.04,107768.64,-5328.4,-4.71,0.15,""
"NXST-RR",589,141.79,159.82,83513.45,94133.98,10620.53,12.72,1.53,""
"OIL",19,419.88,507.1,7977.8,9634.9,1657.1,20.77,3.29,""
"OLECTRA",6,1600,1280.7,9600,7684.2,-1915.8,-19.96,0.84,""
"PARAS",10,360,794.8,3600,7948,4348,120.78,-0.75,""
"PERSISTENT",2,2242.5,4840.55,4485,9681.1,5196.1,115.86,-0.8,""
"RAINBOW",71,1305.59,1304.4,92697.1,92612.4,-84.7,-0.09,3.26,""
"RELIANCE",42,1385.42,1358.8,58187.48,57069.6,-1117.88,-1.92,-0.38,""
"SAIL",0,119.5,201.31,0,0,0,68.46,14.32,""
"SAMBHV",30,121.54,113.99,3646.2,3419.7,-226.5,-6.21,0.15,""
"SANGHVIMOV",70,297.78,313.85,20844.5,21969.5,1125,5.4,-0.41,""
"SBIN",31,862.07,970.45,26724.15,30083.95,3359.8,12.57,-0.44,""
"SCI",84,235.63,331.75,19793.32,27867,8073.68,40.79,1.97,""
"SGBDE31III",30,6149,16311,184470,489330,304860,165.26,3.15,""
"SHRIRAMFIN",10,557.3,920.55,5573,9205.5,3632.5,65.18,-1.06,""
"SILVERCASE",649,19.84,28.56,12878.78,18535.44,5656.66,43.92,6.61,""
"SONACOMS",12,464.5,591.35,5574,7096.2,1522.2,27.31,1.24,""
"TATACAP",46,326,305.4,14996,14048.4,-947.6,-6.32,-1.31,""
"TATAPOWER",6,391.5,404.45,2349,2426.7,77.7,3.31,-3.33,""
"TECHM",23,1515.41,1375,34854.5,31625,-3229.5,-9.27,-1.29,""
"THERMAX",3,4004.23,4544.45,12012.7,13633.35,1620.65,13.49,1.33,""
"TMPV",10,203.45,336.7,2034.52,3367,1332.48,65.49,-0.07,""
"TORNTPHARM",23,4271.13,4295.8,98236.1,98803.4,567.3,0.58,-1.96,""
"TOTAL",0,80,54.67,0,0,0,-31.66,-2.37,""
"V2RETAIL",20,218.7,237.79,4374,4755.8,381.8,8.73,8.03,""
"VBL",25,90.68,489.15,2267,12228.75,9961.75,439.42,0.16,""
"VEDL",5,321.5,323.35,1607.5,1616.75,9.25,0.58,6,""
"VGUARD",7,318.9,325.2,2232.3,2276.4,44.1,1.98,1.23,""
"VIJAYA",89,946.85,1284,84270,114276,30006,35.61,0.33,""
"VRLLOG",20,314,248.05,6280,4961,-1319,-21,-3.67,""
"WABAG",21,1375.89,1377.9,28893.6,28935.9,42.3,0.15,0.23,""
